{"ReportId":"5f670b29-1faf-49d2-b894-310bd52829a2","Sql":"SELECT TOP 100 NAMESURNAME, CITY, TOWN FROM CUSTOMERS ORDER BY NAME_ DESC","Columns":["NAMESURNAME","CITY","TOWN"],"Rows":[{"NAMESURNAME":"Z\u00FCmra TA\u00C7BA\u015E","CITY":"Adana","TOWN":"Karaisal\u0131"},{"NAMESURNAME":"Z\u00FCmra KARAMERCAN","CITY":"Afyonkarahisar","TOWN":"\u0130scehisar"},{"NAMESURNAME":"Z\u00FCmra HEDEF","CITY":"Amasya","TOWN":"Merzifon"},{"NAMESURNAME":"Z\u00FCmra U\u011EUR","CITY":"Aksaray","TOWN":"Sar\u0131yah\u015Fi"},{"NAMESURNAME":"Z\u00FCmra DUZCU","CITY":"Adana","TOWN":"\u0130mamo\u011Flu"},{"NAMESURNAME":"Z\u00FCmra AKBEYAZ","CITY":"Afyonkarahisar","TOWN":"Hocalar"},{"NAMESURNAME":"Z\u00FCmra ASRIK","CITY":"Afyonkarahisar","TOWN":"Bayat / Afyonkarahisar"},{"NAMESURNAME":"Z\u00FCmra \u00C7EV\u0130KER","CITY":"ANKARA","TOWN":"Sar\u0131o\u011Flan"},{"NAMESURNAME":"Z\u00FCmra ANAMURLUO\u011ELU","CITY":"Adana","TOWN":"Ceyhan"},{"NAMESURNAME":"Z\u00FCmra B\u0130R\u00C7ER","CITY":"Afyonkarahisar","TOWN":"Evciler"},{"NAMESURNAME":"Z\u00FCmra ADI\u011E\u00DCZEL","CITY":"Amasya","TOWN":"Ta\u015Fova"},{"NAMESURNAME":"Z\u00FCmra PE\u00C7EN","CITY":"Aksaray","TOWN":"G\u00FCzelyurt"},{"NAMESURNAME":"Z\u00FCmra KARTIN","CITY":"Adana","TOWN":"Alada\u011F"},{"NAMESURNAME":"Z\u00FCmra RENDE","CITY":"Afyonkarahisar","TOWN":"K\u0131z\u0131l\u00F6ren"},{"NAMESURNAME":"Z\u00FCmra TA\u015EOLUK","CITY":"Afyonkarahisar","TOWN":"Afyonkarahisar Merkez"},{"NAMESURNAME":"Z\u00FCmra DA\u011EDELER","CITY":"Ankara","TOWN":"G\u00FCd\u00FCl"},{"NAMESURNAME":"Z\u00FCmra G\u00DCDEL","CITY":"Adana","TOWN":"Karata\u015F"},{"NAMESURNAME":"Z\u00FCmra OTAN","CITY":"Afyonkarahisar","TOWN":"Sultanda\u011F\u0131"},{"NAMESURNAME":"Z\u00FCmra NAK\u0130P","CITY":"Ankara","TOWN":"Yenimahalle"},{"NAMESURNAME":"Z\u00FCmra YALINCA","CITY":"Aksaray","TOWN":"G\u00FCla\u011Fa\u00E7"},{"NAMESURNAME":"Z\u00FCmra \u00D6Z\u00C7EL\u0130K","CITY":"Adana","TOWN":"Karata\u015F"},{"NAMESURNAME":"Z\u00FCmra SEBER","CITY":"Afyonkarahisar","TOWN":"Sand\u0131kl\u0131"},{"NAMESURNAME":"Z\u00FCmra \u00C7ADICIBA\u015EI","CITY":"Afyonkarahisar","TOWN":"\u0130hsaniye"},{"NAMESURNAME":"Z\u00FCmra ASAN","CITY":"ANKARA","TOWN":"P\u0131narba\u015F\u0131 / Kayseri"},{"NAMESURNAME":"Z\u00FCmra S\u00DCLER","CITY":"Adana","TOWN":"Alada\u011F"},{"NAMESURNAME":"Z\u00FCmra KAYASOGLU","CITY":"Afyonkarahisar","TOWN":"Afyonkarahisar Merkez"},{"NAMESURNAME":"Z\u00FCmra TURGAL","CITY":"Ankara","TOWN":"Elmada\u011F"},{"NAMESURNAME":"Z\u00FCmra D\u0130NCAYDIN","CITY":"Aksaray","TOWN":"Eskil"},{"NAMESURNAME":"Z\u00FCmra HAYTA","CITY":"Adana","TOWN":"Seyhan"},{"NAMESURNAME":"Z\u00FCmra YENAL","CITY":"Afyonkarahisar","TOWN":"Emirda\u011F"},{"NAMESURNAME":"Z\u00FCmra SO\u011EUKSU","CITY":"Afyonkarahisar","TOWN":"Sinanpa\u015Fa"},{"NAMESURNAME":"Z\u00FCmra TOLON","CITY":"ANKARA","TOWN":"Tomarza"},{"NAMESURNAME":"Z\u00FCmra MIRZALI","CITY":"Adana","TOWN":"\u0130mamo\u011Flu"},{"NAMESURNAME":"Z\u00FCmra \u00D6ZY\u00DCNC\u00DC","CITY":"Afyonkarahisar","TOWN":"Evciler"},{"NAMESURNAME":"Z\u00FCmra K\u00D6SEN","CITY":"ANKARA","TOWN":"\u00D6zvatan"},{"NAMESURNAME":"Z\u00FCmra \u015EERBETC\u0130OGLU","CITY":"Aksaray","TOWN":"Ortak\u00F6y / Aksaray"},{"NAMESURNAME":"Z\u00FCmra KAVURMACIO\u011ELU","CITY":"Adana","TOWN":"\u00C7ukurova"},{"NAMESURNAME":"Z\u00FCmra T\u00DC\u011EL\u00DC","CITY":"Afyonkarahisar","TOWN":"Ba\u015Fmak\u00E7\u0131"},{"NAMESURNAME":"Z\u00FCmra LAC\u0130N","CITY":"Afyonkarahisar","TOWN":"Bayat / Afyonkarahisar"},{"NAMESURNAME":"Z\u00FCmra BA\u011ERIYANIK","CITY":"Ankara","TOWN":"Bala"},{"NAMESURNAME":"Z\u00FCmra ELEMEN","CITY":"Adana","TOWN":"Tufanbeyli"},{"NAMESURNAME":"Z\u00FCmra PELTEK","CITY":"Afyonkarahisar","TOWN":"Sand\u0131kl\u0131"},{"NAMESURNAME":"Z\u00FCmra NAF\u0130LE","CITY":"Ankara","TOWN":"Elmada\u011F"},{"NAMESURNAME":"Z\u00FCmra G\u00DCRG\u00DCZER","CITY":"Aksaray","TOWN":"Sultanhan\u0131"},{"NAMESURNAME":"Z\u00FCmra KAHRAMANEL","CITY":"Adana","TOWN":"Pozant\u0131"},{"NAMESURNAME":"Z\u00FCmra AKBACAK","CITY":"Afyonkarahisar","TOWN":"Evciler"},{"NAMESURNAME":"Z\u00FCmra BELKAYA","CITY":"Afyonkarahisar","TOWN":"Bayat / Afyonkarahisar"},{"NAMESURNAME":"Z\u00FCmra KO\u00C7AKO\u011ELU","CITY":"Ankara","TOWN":"\u00C7aml\u0131dere"},{"NAMESURNAME":"Z\u00FCmra \u0130L\u0130MAN","CITY":"Adana","TOWN":"Pozant\u0131"},{"NAMESURNAME":"Z\u00FCmra TOKG\u00D6Z","CITY":"Afyonkarahisar","TOWN":"\u0130scehisar"},{"NAMESURNAME":"Z\u00FCmra RAHMANO\u011ELU","CITY":"Ankara","TOWN":"Polatl\u0131"},{"NAMESURNAME":"Z\u00FCmra ORUC","CITY":"Aksaray","TOWN":"G\u00FCzelyurt"},{"NAMESURNAME":"Z\u00FCmra EFEKAN","CITY":"Adana","TOWN":"Karaisal\u0131"},{"NAMESURNAME":"Z\u00FCmra SAYICI","CITY":"Afyonkarahisar","TOWN":"Afyonkarahisar Merkez"},{"NAMESURNAME":"Z\u00FCmra B\u00D6LE","CITY":"Afyonkarahisar","TOWN":"\u00C7ay"},{"NAMESURNAME":"Z\u00FCmra ESK\u0130N","CITY":"Ankara","TOWN":"\u00C7ankaya"},{"NAMESURNAME":"Z\u00FCmra \u015EAYAN","CITY":"Adana","TOWN":"Kozan"},{"NAMESURNAME":"Z\u00FCmra HA\u015E\u0130MO\u011ELU","CITY":"Afyonkarahisar","TOWN":"Bolvadin"},{"NAMESURNAME":"Z\u00FCmra AZGIZ","CITY":"Ankara","TOWN":"Akyurt"},{"NAMESURNAME":"Z\u00FCmra \u00D6RG\u00DCT","CITY":"Aksaray","TOWN":"Eskil"},{"NAMESURNAME":"Z\u00FCmra FIRINCI","CITY":"Adana","TOWN":"Saimbeyli"},{"NAMESURNAME":"Z\u00FCmra DO\u011EAN\u00C7ELEB\u0130","CITY":"Afyonkarahisar","TOWN":"Emirda\u011F"},{"NAMESURNAME":"Z\u00FCmra KIRABAL","CITY":"Afyonkarahisar","TOWN":"Ba\u015Fmak\u00E7\u0131"},{"NAMESURNAME":"Z\u00FCmra MUNGAN","CITY":"Ankara","TOWN":"Polatl\u0131"},{"NAMESURNAME":"Z\u00FCmra S\u00DCL\u00DCN","CITY":"Ad\u0131yaman","TOWN":"Sincik"},{"NAMESURNAME":"Z\u00FCmra D\u0130\u00C7MEN","CITY":"Afyonkarahisar","TOWN":"\u00C7ay"},{"NAMESURNAME":"Z\u00FCmra UZUNBAYIR","CITY":"Ankara","TOWN":"G\u00FCd\u00FCl"},{"NAMESURNAME":"Z\u00FCmra KANB\u00D6RE","CITY":"Aksaray","TOWN":"Sultanhan\u0131"},{"NAMESURNAME":"Z\u00FCmra AKCAO\u011ELU","CITY":"Adana","TOWN":"Alada\u011F"},{"NAMESURNAME":"Z\u00FCmra GOYMAT","CITY":"Afyonkarahisar","TOWN":"Afyonkarahisar Merkez"},{"NAMESURNAME":"Z\u00FCmra GE\u00C7MEZ","CITY":"Afyonkarahisar","TOWN":"\u00C7ay"},{"NAMESURNAME":"Z\u00FCmra DANI\u015EMENT","CITY":"ANKARA","TOWN":"Ye\u015Filhisar"},{"NAMESURNAME":"Z\u00FCmra SARACOGLU","CITY":"Ad\u0131yaman","TOWN":"Kahta"},{"NAMESURNAME":"Z\u00FCmra T\u00DCRK\u00C7E","CITY":"Afyonkarahisar","TOWN":"Ba\u015Fmak\u00E7\u0131"},{"NAMESURNAME":"Z\u00FCmra KACAPA\u015E","CITY":"Ankara","TOWN":"Yenimahalle"},{"NAMESURNAME":"Z\u00FCmra K\u0130PR\u0130T","CITY":"Aksaray","TOWN":"Sar\u0131yah\u015Fi"},{"NAMESURNAME":"Z\u00FCmra D\u00DCZLER","CITY":"Adana","TOWN":"Pozant\u0131"},{"NAMESURNAME":"Z\u00FCmra ASLANBA\u015E","CITY":"Afyonkarahisar","TOWN":"Emirda\u011F"},{"NAMESURNAME":"Z\u00FCmra K\u0130RP\u0130","CITY":"A\u011Fr\u0131","TOWN":"Tutak"},{"NAMESURNAME":"Z\u00FCmra TAKRAK","CITY":"Ankara","TOWN":"Aya\u015F"},{"NAMESURNAME":"Z\u00FCmra T\u00DCRKSAN","CITY":"Ad\u0131yaman","TOWN":"Gerger"},{"NAMESURNAME":"Z\u00FCmra \u00C7ANDIR","CITY":"Afyonkarahisar","TOWN":"Hocalar"},{"NAMESURNAME":"Z\u00FCmra HAS\u00C7UVADAR","CITY":"Ankara","TOWN":"Alt\u0131nda\u011F"},{"NAMESURNAME":"Z\u00FCmra P\u0130RGUN","CITY":"Aksaray","TOWN":"Sar\u0131yah\u015Fi"},{"NAMESURNAME":"Z\u00FCmra \u00C7EZ\u0130K","CITY":"Adana","TOWN":"Seyhan"},{"NAMESURNAME":"Z\u00FCmra YANPINAR","CITY":"Afyonkarahisar","TOWN":"Dinar"},{"NAMESURNAME":"Z\u00FCmra BAYRAK","CITY":"A\u011Fr\u0131","TOWN":"Patnos"},{"NAMESURNAME":"Z\u00FCmra T\u00DCYS\u00DCZ","CITY":"ANKARA","TOWN":"Yahyal\u0131"},{"NAMESURNAME":"Z\u00FCmra MATARACI","CITY":"Ad\u0131yaman","TOWN":"Tut"},{"NAMESURNAME":"Z\u00FCmra ERUZUNDAL","CITY":"Afyonkarahisar","TOWN":"\u00C7ay"},{"NAMESURNAME":"Z\u00FCmra TERBA","CITY":"ANKARA","TOWN":"Ye\u015Filhisar"},{"NAMESURNAME":"Z\u00FCmra KASARO\u011ELU","CITY":"Aksaray","TOWN":"Sultanhan\u0131"},{"NAMESURNAME":"Z\u00FCmra SEKMEZ","CITY":"Adana","TOWN":"Feke"},{"NAMESURNAME":"Z\u00FCmra DANACI","CITY":"Afyonkarahisar","TOWN":"Sand\u0131kl\u0131"},{"NAMESURNAME":"Z\u00FCmra KALCAR","CITY":"A\u011Fr\u0131","TOWN":"Ta\u015Fl\u0131\u00E7ay"},{"NAMESURNAME":"Z\u00FCmra K\u0130SE","CITY":"Ankara","TOWN":"Bala"},{"NAMESURNAME":"Z\u00FCmra S\u0130VR\u0130KAYA","CITY":"Ad\u0131yaman","TOWN":"Besni"},{"NAMESURNAME":"Z\u00FCmra BOZAN","CITY":"Afyonkarahisar","TOWN":"\u015Euhut"},{"NAMESURNAME":"Z\u00FCmra ERTUN\u00C7","CITY":"ANKARA","TOWN":"Develi"},{"NAMESURNAME":"Z\u00FCmra NARDEN","CITY":"Aksaray","TOWN":"Ortak\u00F6y / Aksaray"}],"RowCount":100,"DurationMs":5070,"CreatedAt":"2025-11-24T11:25:38.7108107+03:00"}